<?xml version="1.0"?><fonts><font displayName="Neue Helvetica® W01 26 Ultra Light Italic" psName="HelveticaNeueW01-UltLtIt" FamilyName="Neue Helvetica®" FontWeight="400" FontStyle="italic" FontStretch="normal" CssFamilyName="HelveticaNeueW01-UltLtI" woff="6a815361-6e47-4eaa-8b82-06b76eca6684.woff" woff2="766b9874-e171-4f44-8d0b-92de006b3477.woff2"/><font displayName="Neue Helvetica® W01 25 Ultra Light" psName="HelveticaNeueW01-UltLt" FamilyName="Neue Helvetica®" FontWeight="400" FontStyle="normal" FontStretch="normal" CssFamilyName="HelveticaNeueW01-UltLt" woff="4bff1fbb-b4bf-4d95-9c47-efcb14384e36.woff" woff2="9baef9a5-e2af-4838-a3bc-da9d36c0bde8.woff2"/><font displayName="Neue Helvetica® W01 55 Roman" psName="HelveticaNeueLTW01-55Roman" FamilyName="Neue Helvetica®" FontWeight="400" FontStyle="normal" FontStretch="normal" CssFamilyName="HelveticaNeueW01-55Roma" woff="bcf54343-d033-41ee-bbd7-2b77df3fe7ba.woff" woff2="b0868b4c-234e-47d3-bc59-41ab9de3c0db.woff2"/><font displayName="Neue Helvetica® W01 65 Medium" psName="HelveticaNeueLTW01-65Medium" FamilyName="Neue Helvetica®" FontWeight="500" FontStyle="normal" FontStretch="normal" CssFamilyName="HelveticaNeueW01-65Medi" woff="60be5c39-863e-40cb-9434-6ebafb62ab2b.woff" woff2="3600b37f-2bf1-45f3-be3a-03365f16d9cb.woff2"/><font displayName="Neue Helvetica® W01 57 Condensed" psName="HelveticaNeueW01-57Cn" FamilyName="Neue Helvetica®" FontWeight="400" FontStyle="normal" FontStretch="condensed" CssFamilyName="HelveticaNeueW01-57Cn" woff="842088d0-1ae2-40d0-8561-3c95761ba7a6.woff" woff2="88a238be-6477-4e71-bdc4-5a35bbf8d392.woff2"/><font displayName="Neue Helvetica® W01 66 Medium Italic" psName="HelveticaNeueW01-66MediumIt" FamilyName="Neue Helvetica®" FontWeight="400" FontStyle="italic" FontStretch="normal" CssFamilyName="HelveticaNeueW01-66Medi" woff="5f0efe11-b07a-49fc-ab86-7af6152fa368.woff" woff2="9a31d352-a4be-4540-a6f2-f4ea3ea77d94.woff2"/><font displayName="Neue Helvetica® W05 107 Condensed Extra Black Oblique" psName="HelveticaNeueLTW05-107XBlkCnObl" FamilyName="Neue Helvetica®" FontWeight="950" FontStyle="oblique" FontStretch="condensed" CssFamilyName="Helvetica NeueLTW05107XBlkCnOb" woff="06b24b76-8a44-4b13-81cf-01630e8de97d.woff" woff2="932d2296-d705-410a-8e4c-d68f32085933.woff2"/><font displayName="Neue Helvetica® W01 75 Bold" psName="HelveticaNeueLTW01-75Bold" FamilyName="Neue Helvetica®" FontWeight="700" FontStyle="normal" FontStretch="normal" CssFamilyName="HelveticaNeueW01-75Bold" woff="14ff6081-326d-4dae-b778-d7afa66166fc.woff" woff2="3b303641-706e-4221-94c4-4fb491f4f8ef.woff2"/><font displayName="Neue Helvetica® W01 35 Thin" psName="HelveticaNeueW01-Thin" FamilyName="Neue Helvetica®" FontWeight="400" FontStyle="normal" FontStretch="normal" CssFamilyName="HelveticaNeueW01-Thin" woff="50d35bbc-dfd4-48f1-af16-cf058f69421d.woff" woff2="aff68211-86bb-476d-882e-f7a3face144c.woff2"/><font displayName="Neue Helvetica® W01 77 Condensed Bold" psName="HelveticaNeueW01-77BdCn" FamilyName="Neue Helvetica®" FontWeight="400" FontStyle="normal" FontStretch="condensed" CssFamilyName="HelveticaNeueW01-77BdCn_692722" woff="102ab74c-0e84-4fe5-a17a-b20fb643591a.woff" woff2="ab23c239-fb66-406e-bce6-f0f260f5a217.woff2"/><font displayName="Neue Helvetica® W01 36 Thin Italic" psName="HelveticaNeueW01-ThinIt" FamilyName="Neue Helvetica®" FontWeight="400" FontStyle="italic" FontStretch="normal" CssFamilyName="HelveticaNeueW01-ThinIt" woff="b6d63cb7-64b5-4d39-beaf-a8d9fe5eb1df.woff" woff2="259bda14-7f43-47ac-b7ac-2baa71dbc05f.woff2"/><font displayName="Neue Helvetica® W01 56 Italic" psName="HelveticaNeueW01-56It" FamilyName="Neue Helvetica®" FontWeight="400" FontStyle="italic" FontStretch="normal" CssFamilyName="HelveticaNeueW01-56It" woff="2c056da8-4920-4e20-8c69-8a6b315458a9.woff" woff2="462d508d-efc7-478f-b84e-288eeb69a160.woff2"/><font displayName="Neue Helvetica® W01 45 Light" psName="HelveticaNeueLTW01-45Light" FamilyName="Neue Helvetica®" FontWeight="300" FontStyle="normal" FontStretch="normal" CssFamilyName="HelveticaNeueW01-45Ligh" woff="530dee22-e3c1-4e9f-bf62-c31d510d9656.woff" woff2="5a13f7d1-b615-418e-bc3a-525001b9a671.woff2"/><font displayName="Neue Helvetica® W01 46 Light Italic" psName="HelveticaNeueW01-46LightIt" FamilyName="Neue Helvetica®" FontWeight="400" FontStyle="italic" FontStretch="normal" CssFamilyName="HelveticaNeueW01-46Ligh" woff="8e9ee02b-f337-4f13-ad6c-969d6d6536c8.woff" woff2="09f28057-e848-49b3-94bf-bfaefff51b64.woff2"/></fonts>